UserName,Email,Age,IsActive,Phone,Address,Id,CreatedAt,UpdatedAt
张三,zhangsan@example.com,32,True,,,9,2026/4/2 17:06:48,2026/4/2 17:06:48
李四,lisi@example.com,34,True,,,10,2026/4/2 17:06:48,2026/4/2 17:06:48
张三,zhangsan@example.com,32,True,,,11,2026/4/2 18:09:51,2026/4/2 18:09:51
李四,lisi@example.com,34,True,,,12,2026/4/2 18:09:51,2026/4/2 18:09:51
王五,wangwu@example.com,29,True,,,13,2026/4/2 18:09:51,2026/4/2 18:09:51
赵六,zhaoliu@example.com,39,True,,,14,2026/4/2 18:09:51,2026/4/2 18:09:51
孙七,sunqi@example.com,44,False,,,15,2026/4/2 18:09:51,2026/4/2 18:09:51
线程用户2,thread2@example.com,25,True,,,16,2026/4/2 18:09:51,2026/4/2 18:09:51
线程用户3,thread3@example.com,26,True,,,17,2026/4/2 18:09:51,2026/4/2 18:09:51
线程用户0,thread0@example.com,23,True,,,18,2026/4/2 18:09:51,2026/4/2 18:09:51
线程用户4,thread4@example.com,27,True,,,19,2026/4/2 18:09:51,2026/4/2 18:09:51
线程用户1,thread1@example.com,24,True,,,20,2026/4/2 18:09:51,2026/4/2 18:09:51
异步用户,async@example.com,33,True,,,21,2026/4/2 18:09:51,2026/4/2 18:09:51
异步用户1,async1@example.com,28,True,,,22,2026/4/2 18:09:51,2026/4/2 18:09:51
异步用户2,async2@example.com,38,True,,,23,2026/4/2 18:09:51,2026/4/2 18:09:51
张三,zhangsan@example.com,31,True,,,24,2026/4/2 18:18:21,2026/4/2 18:18:21
李四,lisi@example.com,33,True,,,25,2026/4/2 18:18:21,2026/4/2 18:18:21
王五,wangwu@example.com,28,True,,,26,2026/4/2 18:18:21,2026/4/2 18:18:21
赵六,zhaoliu@example.com,38,True,,,27,2026/4/2 18:18:21,2026/4/2 18:18:21
孙七,sunqi@example.com,43,False,,,28,2026/4/2 18:18:21,2026/4/2 18:18:21
线程用户1,thread1@example.com,23,True,,,29,2026/4/2 18:18:21,2026/4/2 18:18:21
线程用户3,thread3@example.com,25,True,,,30,2026/4/2 18:18:21,2026/4/2 18:18:21
线程用户0,thread0@example.com,22,True,,,31,2026/4/2 18:18:21,2026/4/2 18:18:21
线程用户4,thread4@example.com,26,True,,,32,2026/4/2 18:18:21,2026/4/2 18:18:21
线程用户2,thread2@example.com,24,True,,,33,2026/4/2 18:18:21,2026/4/2 18:18:21
异步用户,async@example.com,32,True,,,34,2026/4/2 18:18:21,2026/4/2 18:18:21
异步用户1,async1@example.com,27,True,,,35,2026/4/2 18:18:21,2026/4/2 18:18:21
异步用户2,async2@example.com,37,True,,,36,2026/4/2 18:18:21,2026/4/2 18:18:21
张三,zhangsan@example.com,30,True,,,37,2026/4/2 18:19:00,2026/4/2 18:19:00
李四,lisi@example.com,32,True,,,38,2026/4/2 18:19:01,2026/4/2 18:19:01
王五,wangwu@example.com,27,True,,,39,2026/4/2 18:19:01,2026/4/2 18:19:01
赵六,zhaoliu@example.com,37,True,,,40,2026/4/2 18:19:01,2026/4/2 18:19:01
孙七,sunqi@example.com,42,False,,,41,2026/4/2 18:19:01,2026/4/2 18:19:01
线程用户1,thread1@example.com,22,True,,,42,2026/4/2 18:19:01,2026/4/2 18:19:01
线程用户3,thread3@example.com,24,True,,,43,2026/4/2 18:19:01,2026/4/2 18:19:01
线程用户2,thread2@example.com,23,True,,,44,2026/4/2 18:19:01,2026/4/2 18:19:01
线程用户4,thread4@example.com,25,True,,,45,2026/4/2 18:19:01,2026/4/2 18:19:01
线程用户0,thread0@example.com,21,True,,,46,2026/4/2 18:19:01,2026/4/2 18:19:01
异步用户,async@example.com,31,True,,,47,2026/4/2 18:19:01,2026/4/2 18:19:01
异步用户1,async1@example.com,26,True,,,48,2026/4/2 18:19:01,2026/4/2 18:19:01
异步用户2,async2@example.com,36,True,,,49,2026/4/2 18:19:01,2026/4/2 18:19:01
张三,zhangsan@example.com,29,True,,,50,2026/4/5 21:31:36,2026/4/5 21:31:36
李四,lisi@example.com,31,True,,,51,2026/4/5 21:31:36,2026/4/5 21:31:36
王五,wangwu@example.com,26,True,,,52,2026/4/5 21:31:36,2026/4/5 21:31:36
赵六,zhaoliu@example.com,36,True,,,53,2026/4/5 21:31:36,2026/4/5 21:31:36
孙七,sunqi@example.com,41,False,,,54,2026/4/5 21:31:36,2026/4/5 21:31:36
